{
  "seed": 42,
  "latent_dim": 8,
  "architecture": "128 -> 64 -> 16 -> 8 -> 16 -> 64 -> 128",
  "activations": "ReLU (hidden), linear output",
  "epochs": 200,
  "final_train_loss": 0.001742702559567988,
  "final_val_loss": 0.0017356345197185874,
  "recon_mse_mean": 0.0017446504207327962,
  "recon_mse_median": 0.0016299299895763397,
  "recon_mse_max": 0.005190437659621239,
  "recon_linf_mean": 0.1442389339208603,
  "recon_linf_median": 0.14345690608024597,
  "recon_linf_max": 0.3058328926563263,
  "recon_linf_p95": 0.20198067873716352,
  "recon_linf_p99": 0.2276002857089043,
  "latent_min": [
    -2.8635432720184326,
    -1.8652675151824951,
    -0.847847580909729,
    0.5820451378822327,
    0.6910279989242554,
    -0.6786985397338867,
    -0.5639190077781677,
    -0.44432196021080017
  ],
  "latent_max": [
    -1.6575733423233032,
    0.3470880389213562,
    0.5327821373939514,
    2.1570687294006348,
    1.7172272205352783,
    0.6647028923034668,
    0.7902041673660278,
    0.9367374181747437
  ],
  "latent_mean": [
    -2.2562992572784424,
    -0.4609397351741791,
    -0.09606311470270157,
    1.3106436729431152,
    1.316743016242981,
    -0.064906544983387,
    0.09854897111654282,
    0.2027854174375534
  ],
  "latent_std": [
    0.2225601077079773,
    0.5591223835945129,
    0.24623560905456543,
    0.3201848864555359,
    0.24354293942451477,
    0.3064104914665222,
    0.2705463469028473,
    0.22760607302188873
  ]
}