{
  "baseline": {
    "source": "all 10,000 real images",
    "logit_mean": 4.253546714887356,
    "logit_median": 4.5251894256107015,
    "logit_5th_percentile": 1.1155209079130666,
    "logit_95th_percentile": 6.390719463118195,
    "fraction_scored_real": 0.9826,
    "centered_subset_logit_mean": 4.2583926121484685,
    "centered_subset_logit_median": 4.7152978309109805,
    "left_subset_logit_mean": 4.479578805518926,
    "left_subset_logit_median": 4.8241657584109685,
    "right_subset_logit_mean": 4.026242986133778,
    "right_subset_logit_median": 4.2126529318073915,
    "off_center_subset_logit_mean": 4.253071543452836,
    "off_center_subset_logit_median": 4.513257577276987
  },
  "witnesses": {
    "P1a_pixel_box": {
      "logit": -28.875796527591042,
      "prob": 2.880055835629464e-13,
      "pixel_mean": 0.6110537820278614
    },
    "P1b_pixel_box": {
      "logit": -19.873489136683247,
      "prob": 2.339124462254461e-09,
      "pixel_mean": 0.44343521630022603
    },
    "P4_left_pixel_box": {
      "logit": -12.056576376739915,
      "prob": 5.806211977405823e-06,
      "pixel_mean": 0.4720491667435206
    },
    "P4_right_pixel_box": {
      "logit": -19.3563384359083,
      "prob": 3.923277483161407e-09,
      "pixel_mean": 0.42661708259511
    },
    "P5_pixel_box": {
      "logit": -8.796158437265975,
      "prob": 0.00015129034708219046,
      "pixel_mean": 0.3966231117171685
    },
    "P1a_mean": {
      "logit": -16.488106117748703,
      "prob": 6.907270531933518e-08,
      "pixel_mean": 0.5
    },
    "P1b_mean": {
      "logit": -17.1661577259054,
      "prob": 3.506165474785737e-08,
      "pixel_mean": 0.49999999999999994
    },
    "P4_left_mean": {
      "logit": -16.63775247668785,
      "prob": 5.9472457176771437e-08,
      "pixel_mean": 0.5
    },
    "P4_right_mean": {
      "logit": -32.08218776870415,
      "prob": 9.357622968839299e-14,
      "pixel_mean": 0.5
    },
    "P5_mean": {
      "logit": -27.23040940180952,
      "prob": 1.4927375470426724e-12,
      "pixel_mean": 0.49999999999999994
    },
    "P4_C_left_AE_left": {
      "logit": 5.204428641256212,
      "prob": 0.9945378118079908,
      "pixel_mean": 0.35651711616542975,
      "latent": [
        -1.583211,
        -0.924695,
        0.530107,
        0.593781,
        1.836424,
        -0.843378,
        0.539348,
        0.311324
      ]
    },
    "P4_C_right_AE_right": {
      "logit": 4.580239629476722,
      "prob": 0.9898516065713837,
      "pixel_mean": 0.3848621011887994,
      "latent": [
        -1.764717,
        -1.037253,
        -0.33435,
        1.175066,
        1.313737,
        -0.132333,
        -0.099662,
        -0.150516
      ]
    },
    "P5_deadzone_AE_off_center": {
      "logit": 5.508380161476419,
      "prob": 0.9959636910799491,
      "pixel_mean": 0.4234959362643478,
      "latent": [
        -1.158397,
        -0.763109,
        -0.061203,
        1.571539,
        1.07355,
        -0.479988,
        -0.430372,
        -0.170451
      ]
    }
  }
}