{
  "seed_42": {
    "ae_training": {
      "centered": {
        "latent_min": [
          -3.4830965995788574,
          -1.7584428787231445,
          -0.7592620849609375,
          1.7151906490325928,
          1.580735206604004,
          -0.20558519661426544,
          0.41821351647377014,
          -0.6620386838912964
        ],
        "latent_max": [
          -2.7685484886169434,
          -0.13551940023899078,
          0.1568177342414856,
          2.4517109394073486,
          1.9735490083694458,
          0.2986416220664978,
          0.7890284657478333,
          -0.09626435488462448
        ],
        "note": "existing artifact"
      },
      "left": {
        "latent_min": [
          -2.5980849266052246,
          -1.6493775844573975,
          -0.25550907850265503,
          0.1413528323173523,
          1.8364242315292358,
          -0.8433784246444702,
          0.3907250761985779,
          -0.681291401386261
        ],
        "latent_max": [
          -1.583210825920105,
          0.6437934041023254,
          0.614992082118988,
          1.1766554117202759,
          2.446135997772217,
          0.21648724377155304,
          1.4945259094238281,
          0.31132444739341736
        ],
        "note": "existing artifact"
      },
      "right": {
        "latent_min": [
          -2.4309329986572266,
          -1.0372529029846191,
          -0.6103581786155701,
          1.1703578233718872,
          1.3137367963790894,
          -0.13233302533626556,
          -0.22044149041175842,
          -0.8406214714050293
        ],
        "latent_max": [
          -1.76471745967865,
          0.18511390686035156,
          0.5436015129089355,
          1.9601770639419556,
          2.0800890922546387,
          0.3182937800884247,
          0.8862961530685425,
          0.4829466938972473
        ],
        "note": "existing artifact"
      },
      "off_center": {
        "latent_min": [
          -2.17614483833313,
          -1.6877856254577637,
          -0.7915061116218567,
          0.9578920006752014,
          0.7669539451599121,
          -0.9018720984458923,
          -0.5334829092025757,
          -0.7716615796089172
        ],
        "latent_max": [
          -1.1329505443572998,
          0.16156797111034393,
          0.4107675552368164,
          2.1750364303588867,
          1.7403113842010498,
          0.5005860328674316,
          0.697757363319397,
          0.5050788521766663
        ],
        "note": "existing artifact"
      }
    },
    "verification": {
      "P1a": {
        "status": "unsat",
        "time_seconds": 12.4235
      },
      "P1b": {
        "status": "unsat",
        "time_seconds": 3.8103
      },
      "P4_C_right_thr=3.0": {
        "status": "sat",
        "time_seconds": 0.0996,
        "CTE": 3.0
      },
      "P4_C_left_thr=3.0": {
        "status": "sat",
        "time_seconds": 0.0963,
        "CTE": -3.4223
      },
      "P5": {
        "status": "sat",
        "time_seconds": 0.0749,
        "CTE": 0.01
      }
    }
  },
  "seed_7": {
    "ae_training": {
      "centered": {
        "latent_min": [
          -1.7078802585601807,
          -1.2871344089508057,
          0.9203506112098694,
          0.49078598618507385,
          -0.5592116117477417,
          1.143938660621643,
          1.8672813177108765,
          0.5239014029502869
        ],
        "latent_max": [
          -0.5680687427520752,
          -0.19568967819213867,
          2.0509114265441895,
          1.3185995817184448,
          0.6090506315231323,
          2.360368251800537,
          2.466376543045044,
          1.3311949968338013
        ],
        "recon_linf_max": 0.2519184947013855,
        "final_val_loss": 0.0015693074092268944
      },
      "left": {
        "latent_min": [
          -1.5113574266433716,
          -0.5635493397712708,
          0.25730445981025696,
          -0.005270455032587051,
          -0.276228666305542,
          1.0460617542266846,
          1.2808940410614014,
          0.046067312359809875
        ],
        "latent_max": [
          -0.006967538967728615,
          0.5532816052436829,
          1.9757577180862427,
          1.0598015785217285,
          0.6315389275550842,
          1.6787207126617432,
          1.7329225540161133,
          1.7368322610855103
        ],
        "recon_linf_max": 0.26980650424957275,
        "final_val_loss": 0.0019282124703750014
      },
      "right": {
        "latent_min": [
          -1.8485804796218872,
          -1.3690646886825562,
          0.7940546870231628,
          0.049495261162519455,
          -1.0390307903289795,
          0.6084758639335632,
          1.6912894248962402,
          0.03288247436285019
        ],
        "latent_max": [
          -0.34481650590896606,
          -0.385348379611969,
          2.2537999153137207,
          1.4959486722946167,
          0.7182047367095947,
          1.5475361347198486,
          2.2044639587402344,
          1.682861089706421
        ],
        "recon_linf_max": 0.25627803802490234,
        "final_val_loss": 0.0012502362951636314
      },
      "off_center": {
        "latent_min": [
          -1.8115065097808838,
          -1.444358468055725,
          0.5838941931724548,
          -0.21115663647651672,
          -1.2325383424758911,
          -0.1318184733390808,
          0.6744381189346313,
          -0.43608152866363525
        ],
        "latent_max": [
          0.6326964497566223,
          -0.07729452848434448,
          1.8366031646728516,
          0.8360153436660767,
          0.5966420769691467,
          1.4389028549194336,
          1.9068247079849243,
          0.9408895373344421
        ],
        "recon_linf_max": 0.2602674663066864,
        "final_val_loss": 0.0016866489313542843
      }
    },
    "verification": {
      "P1a": {
        "status": "unsat",
        "time_seconds": 107.9364
      },
      "P1b": {
        "status": "unsat",
        "time_seconds": 23.5921
      },
      "P4_C_right_thr=3.0": {
        "status": "sat",
        "time_seconds": 0.0976,
        "CTE": 3.0
      },
      "P4_C_left_thr=3.0": {
        "status": "sat",
        "time_seconds": 183.0012,
        "CTE": -3.0
      },
      "P5": {
        "status": "sat",
        "time_seconds": 0.1125,
        "CTE": 0.01
      }
    }
  },
  "seed_13": {
    "ae_training": {
      "centered": {
        "latent_min": [
          -1.858640193939209,
          2.2003021240234375,
          -1.1548197269439697,
          -0.43392154574394226,
          0.1688358634710312,
          0.9947465062141418,
          -1.371383547782898,
          -0.3932085335254669
        ],
        "latent_max": [
          -1.5304478406906128,
          2.5340287685394287,
          -0.8341987729072571,
          0.2247108668088913,
          0.8844399452209473,
          1.921169638633728,
          -0.4365702271461487,
          0.4387136399745941
        ],
        "recon_linf_max": 0.2730550169944763,
        "final_val_loss": 0.0023104778956621885
      },
      "left": {
        "latent_min": [
          -2.0039613246917725,
          1.6191158294677734,
          -1.2524923086166382,
          -1.0608534812927246,
          0.08261190354824066,
          0.1579202115535736,
          -2.1023476123809814,
          -0.9598938226699829
        ],
        "latent_max": [
          -0.5210149884223938,
          2.2675631046295166,
          -0.26936236023902893,
          0.40842705965042114,
          0.9101009368896484,
          1.713303804397583,
          0.32616832852363586,
          0.9650440216064453
        ],
        "recon_linf_max": 0.2574651539325714,
        "final_val_loss": 0.0018706722185015678
      },