{
  "config": {
    "pca_k": 128,
    "pca_sigma": 2.0,
    "tv_percentile": 95,
    "row_mean_percentile": 95,
    "tv_threshold": 12.203198425471783,
    "row_mean_medians": [
      0.5603869874030352,
      0.5393238756805658,
      0.49969266913831234,
      0.48592696711421013,
      0.47801202815026045,
      0.4773552380502224,
      0.47909390553832054,
      0.48368853237479925
    ],
    "row_mean_bands": [
      0.08443570425733923,
      0.05718156518414617,
      0.04425714127719401,
      0.03381117871031165,
      0.0329445340670645,
      0.035326766595244405,
      0.038519361522048705,
      0.04184072976931928
    ],
    "pca_top_eigenvalues": [
      0.14480605917720799,
      0.07980612693233712,
      0.033308179198126446,
      0.02896253336162403,
      0.027342625551130404,
      0.023969409768784335,
      0.020541537613469028,
      0.01826667385690803,
      0.015680508105004917,
      0.015261960625997776,
      0.012986981045953583,
      0.012024866762433428,
      0.010555323572529054,
      0.01004513126479479,
      0.009396851689431681,
      0.008500516891798942,
      0.007751958116684216,
      0.007639290038347559,
      0.006796798541228286,
      0.006631085304835341,
      0.006430486113881299,
      0.006188897152824817,
      0.006095784862956633,
      0.005537209055271935,
      0.005368231248047754,
      0.005233508585878694,
      0.004693019772775302,
      0.0045988747064549555,
      0.004398035795960521,
      0.004271306669256068,
      0.004092577906629065,
      0.003808910121934405,
      0.003519130634801644,
      0.003324933625166249,
      0.0032937376875265888,
      0.0032330807201980155,
      0.0030826724956815126,
      0.0028953030789285335,
      0.0027438101422871133,
      0.0025446480756736263,
      0.00250060812945766,
      0.002436068980153254,
      0.0022963438892467237,
      0.0022791334364955125,
      0.0021603435163875676,
      0.0021031730008492303,
      0.0020136407012931313,
      0.002002571514603134,
      0.0019307069522421247,
      0.0018733892910195488,
      0.0017927406581173283,
      0.001670758645992953,
      0.0016509579073188177,
      0.001595472060145848,
      0.0015392320045583311,
      0.0014587399387663573,
      0.0014076577903361154,
      0.0013887643187566645,
      0.0013549689638619395,
      0.001311854119110614,
      0.001296002225203922,
      0.001222530805692047,
      0.0011729921679165176,
      0.0011241651555425366,
      0.001062524267698518,
      0.0010061992593622853,
      0.000986049279625337,
      0.0009596646314063872,
      0.0009291786922163361,
      0.000901826818550739,
      0.0008878561972456535,
      0.0008716667657977314,
      0.0008525878687961396,
      0.0008207188464585348,
      0.000792453207837737,
      0.0007809047606595694,
      0.0007605016996046185,
      0.000744586533818607,
      0.0007079615460295585,
      0.0006855597908983968,
      0.0006512975205892187,
      0.0006405257150876203,
      0.0006315681891253737,
      0.0006013638842564212,
      0.0005838137840465174,
      0.0005670761563190556,
      0.000545987188161536,
      0.0005351200421899047,
      0.0005183798135712164,
      0.0005040200284608427,
      0.000500267423387475,
      0.00047561018279665754,
      0.0004668904011086135,
      0.00045974947584391887,
      0.000441061817522588,
      0.0004201284123504369,
      0.0004168320637959234,
      0.00040477287608167874,
      0.0003700039462362134,
      0.00036890398147589363,
      0.00036404755912822966,
      0.0003546456839060784,
      0.00033898978125261093,
      0.0003247326709230532,
      0.0003171333139214353,
      0.0003154280763349371,
      0.00030657489642902904,
      0.00030419167058412484,
      0.00029939855253252145,
      0.0002952707727058513,
      0.0002877143916242214,
      0.0002763233798804527,
      0.00027055626916586384,
      0.0002599115260637406,
      0.0002481208078320122,
      0.0002451247078314576,
      0.00023814334533139533,
      0.00023291918500545879,
      0.00022240990907322245,
      0.00022099647254903747,
      0.0002149650501672925,
      0.00021015375447590087,
      0.00020022025680178294,
      0.0001863495002810654,
      0.00018262079384080116,
      0.0001758430004219316,
      0.00012745237910415628,
      1.640205618965381e-16
    ]
  },
  "queries": {
    "P1a_CTE_upper": {
      "unconstrained": {
        "mode": "unconstrained",
        "status": "sat",
        "time_seconds": 0.0192,
        "counterexample": {
          "CTE": 10.0,
          "HE": -52.470728,
          "input_mean": 0.611054
        }
      },
      "mean": {
        "mode": "mean",
        "status": "sat",
        "time_seconds": 0.0187,
        "counterexample": {
          "CTE": 10.0,
          "HE": -54.284214,
          "input_mean": 0.5
        }
      },
      "plausibility": {
        "mode": "plausibility",
        "status": "sat",
        "time_seconds": 3.7152,
        "counterexample": {
          "CTE": 10.0,
          "HE": -54.095065,
          "input_mean": 0.5
        }
      }
    },
    "P1b_CTE_lower": {
      "unconstrained": {
        "mode": "unconstrained",
        "status": "sat",
        "time_seconds": 0.0151,
        "counterexample": {
          "CTE": -10.0,
          "HE": 14.978943,
          "input_mean": 0.443435
        }
      },
      "mean": {
        "mode": "mean",
        "status": "sat",
        "time_seconds": 0.0148,
        "counterexample": {
          "CTE": -10.0,
          "HE": 13.494626,
          "input_mean": 0.5
        }
      },
      "plausibility": {
        "mode": "plausibility",
        "status": "sat",
        "time_seconds": 2.4277,
        "counterexample": {
          "CTE": -10.0,
          "HE": 18.922805,
          "input_mean": 0.5
        }
      }
    },
    "P4_C_left": {
      "unconstrained": {
        "mode": "unconstrained",
        "status": "sat",
        "time_seconds": 0.0169,
        "counterexample": {
          "CTE": 0.0,
          "HE": -2.414173,
          "input_mean": 0.472049
        }
      },
      "mean": {
        "mode": "mean",
        "status": "sat",
        "time_seconds": 0.0137,
        "counterexample": {
          "CTE": -4.376821,
          "HE": 6.313047,
          "input_mean": 0.5
        }
      },
      "plausibility": {
        "mode": "plausibility",
        "status": "sat",
        "time_seconds": 2.047,
        "counterexample": {
          "CTE": -4.851868,
          "HE": 8.120381,
          "input_mean": 0.5
        }
      }
    },
    "P4_C_right": {
      "unconstrained": {
        "mode": "unconstrained",
        "status": "sat",
        "time_seconds": 0.0128,
        "counterexample": {
          "CTE": 0.0,
          "HE": -0.45964,
          "input_mean": 0.426617
        }
      },
      "mean": {
        "mode": "mean",
        "status": "sat",
        "time_seconds": 0.0153,
        "counterexample": {
          "CTE": 0.0,
          "HE": -0.423643,
          "input_mean": 0.5
        }
      },
      "plausibility": {
        "mode": "plausibility",
        "status": "sat",
        "time_seconds": 1.1971,
        "counterexample": {
          "CTE": 0.0,
          "HE": -1.580281,
          "input_mean": 0.5
        }
      }
    },
    "P5_deadzone": {
      "unconstrained": {
        "mode": "unconstrained",
        "status": "sat",
        "time_seconds": 0.015,
        "counterexample": {
          "CTE": -0.01,
          "HE": -0.01,
          "input_mean": 0.396623
        }
      },
      "mean": {
        "mode": "mean",
        "status": "sat",
        "time_seconds": 0.0239,
        "counterexample": {
          "CTE": -0.01,
          "HE": -0.01,
          "input_mean": 0.5
        }
      },
      "plausibility": {
        "mode": "plausibility",
        "status": "sat",
        "time_seconds": 2.9183,
        "counterexample": {
          "CTE": -0.01,
          "HE": -0.01,