{
  "with_mean_0.5": {
    "P4_C_right (CTE > 0 req)": {
      "threshold_0.0": {
        "status": "sat",
        "time_seconds": 0.0719,
        "counterexample": {
          "CTE": 0.0,
          "HE": 3.865049,
          "pixel_sum": 64.0,
          "latent": [
            -2.430933,
            -0.595438,
            -0.610358,
            1.409641,
            1.727222,
            0.275683,
            0.319274,
            0.482947
          ]
        }
      },
      "threshold_0.5": {
        "status": "sat",
        "time_seconds": 0.0639,
        "counterexample": {
          "CTE": 0.5,
          "HE": 15.276734,
          "pixel_sum": 64.0,
          "latent": [
            -2.385466,
            -1.037253,
            -0.318095,
            1.502636,
            1.738604,
            -0.132333,
            0.476135,
            0.406947
          ]
        }
      },
      "threshold_1.0": {
        "status": "sat",
        "time_seconds": 0.136,
        "counterexample": {
          "CTE": 1.0,
          "HE": -13.884083,
          "pixel_sum": 64.0,
          "latent": [
            -1.782668,
            -0.319005,
            -0.146444,
            1.229718,
            1.897376,
            0.164843,
            0.886296,
            0.251118
          ]
        }
      },
      "threshold_1.5": {
        "status": "sat",
        "time_seconds": 0.0648,
        "counterexample": {
          "CTE": 1.5,
          "HE": 2.006606,
          "pixel_sum": 64.0,
          "latent": [
            -2.430933,
            -0.636866,
            -0.610358,
            1.439404,
            1.706827,
            0.296002,
            0.286958,
            0.482947
          ]
        }
      },
      "threshold_2.0": {
        "status": "sat",
        "time_seconds": 0.0689,
        "counterexample": {
          "CTE": 2.34144,
          "HE": 5.93111,
          "pixel_sum": 64.0,
          "latent": [
            -2.2916,
            -0.699636,
            -0.610358,
            1.537232,
            1.698262,
            0.276521,
            0.275462,
            0.387983
          ]
        }
      },
      "threshold_3.0": {
        "status": "sat",
        "time_seconds": 0.0669,
        "counterexample": {
          "CTE": 3.0,
          "HE": 3.251029,
          "pixel_sum": 64.0,
          "latent": [
            -2.430933,
            -0.839662,
            -0.574959,
            1.431735,
            1.552901,
            0.318294,
            0.610398,
            0.482947
          ]
        }
      }
    },
    "P4_C_left  (CTE < 0 req)": {
      "threshold_0.0": {
        "status": "sat",
        "time_seconds": 0.1061,
        "counterexample": {
          "CTE": -0.0,
          "HE": 16.693525,
          "pixel_sum": 64.0,
          "latent": [
            -2.257564,
            -1.649378,
            0.194791,
            1.176655,
            2.137067,
            -0.490266,
            0.604185,
            -0.103046
          ]
        }
      },
      "threshold_0.5": {
        "status": "sat",
        "time_seconds": 0.1508,
        "counterexample": {
          "CTE": -0.5,
          "HE": 15.564568,
          "pixel_sum": 64.0,
          "latent": [
            -2.172407,
            -1.524398,
            0.229289,
            1.176655,
            2.224717,
            -0.67663,
            0.585687,
            -0.121827
          ]
        }
      },
      "threshold_1.0": {
        "status": "sat",
        "time_seconds": 0.0868,
        "counterexample": {
          "CTE": -3.127703,
          "HE": 34.200245,
          "pixel_sum": 64.0,
          "latent": [
            -2.434405,
            -1.649378,
            0.171304,
            1.018827,
            1.955343,
            -0.168197,
            0.567752,
            -0.319446
          ]
        }
      },
      "threshold_1.5": {
        "status": "sat",
        "time_seconds": 0.088,
        "counterexample": {
          "CTE": -1.5,
          "HE": 25.177244,
          "pixel_sum": 64.0,
          "latent": [
            -2.31237,
            -1.649378,
            0.1976,
            1.176655,
            2.10276,
            -0.394709,
            0.519491,
            -0.134774
          ]
        }
      },
      "threshold_2.0": {
        "status": "sat",
        "time_seconds": 0.1609,
        "counterexample": {
          "CTE": -2.0,
          "HE": 32.447829,
          "pixel_sum": 64.0,
          "latent": [
            -2.598085,
            -1.649378,
            0.120943,
            1.017676,
            2.034244,
            -0.211769,
            0.514035,
            -0.148095
          ]
        }
      },
      "threshold_3.0": {
        "status": "sat",
        "time_seconds": 0.1044,
        "counterexample": {
          "CTE": -3.422289,
          "HE": 40.924269,
          "pixel_sum": 64.0,
          "latent": [
            -2.598085,
            -1.585908,
            0.116422,
            0.912217,
            1.95513,
            -0.060275,
            0.483738,
            -0.297473
          ]
        }
      }
    }
  },
  "without_mean": {
    "P4_C_right (CTE > 0 req)": {
      "threshold_0.0": {
        "status": "sat",
        "time_seconds": 0.1025,
        "counterexample": {
          "CTE": 0.0,
          "HE": 35.265698,
          "pixel_sum": 66.630679,
          "latent": [
            -1.764717,
            -0.793867,
            -0.071426,
            1.35287,
            1.920117,
            -0.100405,
            0.886296,
            -0.452879
          ]
        }
      },
      "threshold_0.5": {
        "status": "sat",
        "time_seconds": 0.0898,
        "counterexample": {
          "CTE": 0.85048,
          "HE": 0.091116,
          "pixel_sum": 54.402924,
          "latent": [
            -2.291318,
            -0.573134,
            0.174375,
            1.170358,
            1.313737,
            -0.132333,
            -0.056135,
            -0.840621
          ]
        }
      },
      "threshold_1.0": {
        "status": "sat",
        "time_seconds": 0.1562,
        "counterexample": {
          "CTE": 1.0,
          "HE": 6.312385,
          "pixel_sum": 59.51322,
          "latent": [
            -2.097825,
            -0.731661,
            -0.225906,
            1.229881,
            1.37945,
            0.081246,
            0.332927,
            -0.840621
          ]
        }
      },
      "threshold_1.5": {
        "status": "sat",
        "time_seconds": 0.093,
        "counterexample": {
          "CTE": 8.546461,
          "HE": -14.253198,
          "pixel_sum": 54.80227,
          "latent": [
            -2.200093,
            -0.891036,
            -0.033378,
            1.170358,
            1.313737,
            0.075625,
            -0.085039,
            -0.840621
          ]
        }
      },
      "threshold_2.0": {
        "status": "sat",
        "time_seconds": 0.1644,
        "counterexample": {
          "CTE": 2.0,
          "HE": 4.026361,
          "pixel_sum": 61.227017,
          "latent": [
            -2.097825,
            -0.731661,
            -0.033378,
            1.170358,
            1.696913,
            -0.122356,
            0.258466,
            -0.840621
          ]
        }
      },
      "threshold_3.0": {
        "status": "sat",
        "time_seconds": 0.0846,
        "counterexample": {
          "CTE": 3.0,
          "HE": -16.056332,
          "pixel_sum": 60.159984,
          "latent": [
            -2.430933,
            -0.502915,
            0.18532,
            1.194039,
            1.313737,
            -0.132333,
            0.737201,
            -0.778894
          ]
        }
      }
    },
    "P4_C_left  (CTE < 0 req)": {
      "threshold_0.0": {
        "status": "sat",
        "time_seconds": 0.1468,
        "counterexample": {
          "CTE": -0.0,
          "HE": 5.044331,
          "pixel_sum": 49.082201,